{"cameraMode":{"drawMode":0,"name":"Shaded","section":"Shading Mode"},"sceneLighting":false,"audioPlay":false,"sceneViewState":{"showFog":true,"showMaterialUpdate":false,"showSkybox":false,"showFlares":true,"showImageEffects":true,"showParticleSystems":true},"in2DMode":false,"pivot":{"x":-0.08833779394626618,"y":0.04999998211860657,"z":0.0},"rotation":{"x":-0.0020690718665719034,"y":-0.9929796457290649,"z":0.11702334880828858,"w":-0.017585191875696183},"size":6.208344459533691,"orthographic":false}